x,y
0,0
0,0
0,1
1,1
1,2
0,2
0,3
1,3
2,3
1,4
2,4
2,5
0,4
0,5
1,5
1,6
2,6
1,7
3,6
1,8
1,9
1,10
1,11
2,11
2,12
3,12
4,12
5,12
5,13
5,14
6,14
3,5
1,12
5,11
4,13
6,13
4,5
1,13
4,14
7,13
4,6
1,14
8,13
7,14
4,7
2,14
3,4
3,7
2,13
3,13
3,14
3,15
3,3
2,7
2,15
2,8
2,16
2,9
3,16
3,9
3,17
4,9
4,17
5,9
4,18
6,9
5,18
7,9
8,9
3,2
3,8
3,18
5,17
8,8
4,8
5,8
6,8
2,2
2,18
5,16
7,8
6,7
2,19
2,20
2,1
4,16
7,7
5,7
1,20
3,1
8,7
4,15
0,20
3,0
8,6
5,15
0,21
9,6
6,15
0,22
7,15
0,23
8,15
0,19
2,0
9,5
8,14
9,14
9,15
9,16
0,18
1,0
8,5
8,16
1,18
1,19
0,17
8,4
7,16
1,17
2,17
8,3
6,16
1,16
6,17
7,17
6,18
8,17
7,18
9,17
8,18
9,18
8,19
10,18
9,19
9,20
9,21
10,21
10,22
11,22
7,3
1,15
10,17
8,20
11,21
11,17
6,3
0,15
7,20
11,20
11,16
0,16
12,20
5,3
0,14
6,20
10,16
12,19
6,21
6,22
6,23
5,2
4,3
0,13
10,15
11,19
5,22
5,23
6,2
4,4
7,2
5,4
6,4
6,5
5,1
0,12
10,14
10,19
5,21
4,23
7,1
5,5
11,14
10,20
5,6
12,14
6,6
12,15
7,6
13,15
13,16
4,1
0,11
5,20
4,21
4,22
6,1
11,15
7,5
12,16
4,2
12,17
13,17
12,18
14,17
14,18
15,18
14,19
0,10
5,19
4,20
3,22
6,0
7,4
11,18
15,17
13,19
6,19
3,23
7,0
16,17
7,19
8,0
17,17
18,17
19,17
0,9
3,20
3,21
5,0
13,18
19,16
0,8
3,19
2,21
4,0
19,15
4,19
2,22
20,15
21,15
22,15
21,16
22,16
0,7
1,21
18,15
20,16
1,22
18,16
20,17
1,23
21,17
20,18
2,23
22,17
2,24
23,17
24,17
24,18
25,18
0,6
17,16
19,18
1,24
24,16
25,17
17,15
18,18
0,24
23,16
25,16
18,19
0,25
26,16
0,26
26,17
1,26
27,17
2,26
27,18
2,27
28,18
27,19
2,28
28,19
27,20
3,28
29,19
3,29
30,19
4,29
3,30
31,19
5,29
4,30
6,29
4,31
5,31
6,31
6,32
16,15
23,15
17,19
1,27
26,20
31,18
6,28
6,30
5,32
17,20
32,18
7,28
32,19
8,28
33,19
32,20
33,20
33,21
34,21
33,22
35,21
15,15
23,14
0,27
25,20
5,30
4,32
16,20
8,27
34,20
32,22
35,20
0,28
4,33
16,21
1,28
4,34
1,29
4,35
5,35
5,36
6,36
7,36
8,36
9,36
10,36
10,37
10,38
15,14
14,15
23,13
25,19
7,27
34,19
31,22
15,21
0,29
4,36
9,38
14,16
24,13
26,19
35,19
15,22
0,30
15,16
24,14
16,22
1,30
16,16
25,14
17,22
2,30
1,31
26,14
17,23
26,15
14,14
6,27
31,21
9,37
26,18
35,18
17,21
2,29
0,31
16,23
25,15
32,21
18,21
0,32
0,33
0,34
0,35
1,35
1,36
1,37
13,14
5,27
31,20
8,37
35,17
15,23
24,15
18,20
0,36
0,37
5,28
0,38
1,38
2,38
3,38
4,38
5,38
4,39
4,40
5,40
13,13
30,20
7,37
34,17
14,23
4,28
2,37
5,37
5,39
30,21
34,18
6,39
30,22
6,40
7,40
7,41
8,41
12,13
6,37
13,23
4,27
2,36
4,37
33,18
29,22
8,40
6,38
9,40
7,38
9,41
7,39
9,42
8,39
9,43
9,39
10,43
9,44
10,39
10,44
9,45
10,40
11,44
10,41
12,44
11,45
10,42
11,42
11,43
12,43
12,12
12,23
3,27
2,35
3,37
33,17
29,21
8,38
8,45
10,45
12,42
8,46
13,42
14,42
14,43
14,44
14,45
12,11
12,22
3,26
3,36
32,17
29,20
8,44
13,41
13,45
4,26
14,41
15,41
12,10
12,21
3,35
32,16
28,20
8,43
13,44
12,45
4,25
15,40
13,21
33,16
28,21
12,46
5,25
14,21
28,22
13,46
14,22
28,23
13,47
28,24
28,25
12,9
3,34
8,42
13,43
4,24
14,40
13,20
33,15
5,24
13,22
27,23
12,47
27,25
14,20
34,15
6,24
15,20
6,25
7,25
11,9
2,34
7,42
3,24
13,40
27,22
11,47
27,24
26,25
34,14
15,19
7,24
11,10
7,43
3,25
16,19
11,11
1,34
13,39
27,21
11,46
26,24
34,13
7,23
6,43
2,25
16,18
10,11
6,44
17,18
6,45
6,46
7,46
1,33
12,39
10,46
26,23
33,13
7,22
1,25
10,10
5,46
7,45
2,33
12,40
33,14
3,33
12,41
11,39
9,46
26,22
7,21
10,9
9,10
5,45
7,44
32,14
3,32
11,41
9,47
8,21
9,48
8,22
10,48
8,23
11,48
9,23
12,48
11,38
26,21
9,9
8,10
5,44
32,13
3,31
11,40
8,47
10,47
9,22
12,38
8,11
13,38
9,11
9,12
9,13
10,13
11,13
11,37
25,21
9,8
4,44
32,12
2,31
7,47
13,37
8,12
11,12
12,37
25,22
4,45
33,12
2,32
14,37
4,46
34,12
15,37
35,12
15,38
35,13
15,39
35,14
35,15
35,16
24,21
9,7
6,47
7,12
10,12
24,22
1,32
3,46
14,39
34,16
10,7
24,23
10,8
11,8
12,8
23,21
5,47
6,12
2,46
14,38
23,23
12,7
23,24
24,24
25,24
25,25
22,21
4,47
6,11
2,45
23,22
11,7
25,23
22,22
7,11
3,45
22,23
22,20
3,47
11,6
7,10
3,44
21,23
23,20
3,48
12,6
4,48
4,49
4,50
4,51
5,51
6,10
2,44
21,22
23,19
12,5
5,50
24,19
13,5
6,50
24,20
14,5
6,51
14,6
7,51
15,6
8,51
16,6
9,51
10,51
11,51
12,51
13,51
5,10
2,43
1,44
20,22
23,18
16,5
10,50
13,50
3,43
20,23
17,5
11,50
17,6
18,6
17,7
19,6
17,8
20,6
20,7
4,10
0,44
22,18
15,5
12,50
3,42
11,49
16,8
19,7
4,11
0,45
4,42
1,45
0,46
1,46
1,47
2,47
2,48
21,18
15,4
12,49
3,41
10,49
16,7
15,8
18,7
3,11
4,41
0,47
1,48
21,19
13,49
18,8
5,41
22,19
18,9
6,41
19,9
6,42
14,4
3,40
9,49
15,7
3,10
0,48
20,19
13,48
19,8
5,42
9,50
0,49
14,48
20,8
5,43
1,49
0,50
14,49
21,8
2,49
1,50
14,50
3,49
2,50
14,51
3,50
14,52
3,51
15,52
3,52
16,52
15,53
3,53
16,53
15,54
16,54
16,55
14,3
3,39
14,7
2,10
19,19
8,50
14,47
4,43
21,7
13,52
2,51
2,53
14,54
15,55
15,3
14,8
19,20
15,47
15,56
16,3
20,20
16,47
16,56
17,3
21,20
17,47
16,57
17,4
21,21
16,58
17,58
16,59
18,58
17,59
16,60
18,59
16,61
19,59
17,61
13,3
2,39
13,7
7,50
14,46
21,6
12,52
1,51
2,52
13,54
16,4
20,21
19,58
17,60
13,4
2,40
13,8
1,52
18,60
2,41
13,9
1,53
18,61
2,42
14,9
18,62
15,9
18,63
18,64
13,6
7,49
21,5
11,52
13,53
19,21
12,4
0,53
1,42
17,62
17,64
8,49
22,5
11,53
14,53
19,22
1,43
23,5
11,54
19,23
23,6
12,54
19,24
12,55
19,25
19,26
20,26
19,27
21,26
20,27
22,26
21,27
22,27
23,27
12,3
0,52
16,62
16,64
8,48
10,53
18,22
0,43
22,6
12,53
11,55
22,25
23,26
16,63
16,65
10,54
18,23
22,7
23,25
17,63
16,66
18,24
22,8
24,25
17,66
23,8
24,26
24,8
24,27
24,28
12,2
0,51
15,62
7,48
0,42
10,55
22,24
9,54
17,24
17,65
23,7
24,7
23,28
15,63
10,56
17,25
18,65
25,7
15,64
19,65
25,8
15,65
19,66
25,9
15,66
20,66
19,67
15,67
20,67
21,67
22,67
23,67
11,2
15,61
6,48
0,41
9,55
21,24
9,53
22,28
9,56
16,25
24,9
14,67
23,66
11,3
6,49
1,41
9,57
24,10
14,68
24,66
9,58
25,10
24,11
15,68
25,66
10,58
25,11
24,12
16,68
11,58
25,12
11,59
26,12
11,60
26,13
12,60
27,13
13,60
27,14
28,14
15,60
8,55
20,24
8,53
21,28
8,56
16,24
10,3
5,49
1,40
25,65
10,57
23,12
16,67
26,11
25,13
13,59
20,25
14,59
21,25
15,59
14,60
8,54
7,53
20,28
15,24
10,2
5,48
0,40
24,65
23,11
12,59
15,58
20,29
15,25
7,54
7,52
9,2
0,39
23,65
23,10
12,58
15,57
19,29
14,25
8,52
9,3
1,39
13,58
9,52
9,4
14,58
10,52
10,4
11,4
11,5
6,54
8,2
23,64
23,9
19,28
14,24
14,57
10,5
6,55
10,6
8,1
22,64
22,9
18,28
13,24
14,56
5,55
9,1
22,10
13,25
5,56
22,11
6,56
7,56
7,57
8,57
8,58
8,59
9,59
10,59
10,60
10,61
11,61
11,62
12,62
21,64
21,9
18,27
17,28
14,55
13,56
9,0
21,10
12,25
21,11
7,55
7,59
12,61
10,0
12,26
21,12
7,60
13,61
10,1
13,26
22,12
8,60
14,61
11,1
14,26
22,13
9,60
14,62
12,1
15,26
22,14
9,61
16,26
9,62
17,26
10,62
18,26
10,63
21,63
20,64
20,9
17,27
13,55
12,56
13,62
12,0
21,14
18,25
9,63
20,65
20,10
13,63
13,0
21,65
20,11
13,1
22,65
20,12
14,1
22,66
20,63
16,27
11,56
11,0
21,13
8,63
19,10
12,63
19,12
14,0
21,66
11,57
8,64
19,11
19,13
15,0
12,57
8,65
19,14
16,0
13,57
9,65
17,0
10,65
9,66
18,0
11,65
10,66
9,67
19,0
10,67
20,0
11,67
20,1
12,67
12,68
20,62
15,27
20,13
11,63
18,14
11,64
19,1
11,68
20,14
12,64
19,2
13,64
14,64
13,65
14,65
14,66
19,62
14,27
17,14
10,64
10,68
18,2
14,63
12,65
13,66
19,63
10,69
13,67
19,64
11,69
13,68
12,69
13,69
12,70
13,70
14,70
15,70
16,70
16,71
16,72
17,72
17,73
19,61
13,27
16,14
9,64
9,68
17,2
12,66
11,70
15,69
17,71
16,73
13,28
9,69
11,71
16,69
13,29
19,60
16,13
17,1
11,66
14,69
17,70
15,73
8,69
10,71
12,29
20,60
18,1
15,74
10,72
20,61
15,75
21,61
16,75
17,75
18,75
18,76
18,77
18,78
19,78
16,12
15,13
16,1
17,69
8,68
9,71
11,29
14,74
9,72
21,60
19,77
16,2
18,69
14,75
19,69
14,76
20,69
19,70
15,76
20,70
15,77
21,70
15,78
21,71
15,79
22,71
15,80
15,81
15,12
14,13
8,67
9,70
11,28
8,72
21,59
19,76
15,2
18,70
22,70
14,81
10,70
12,28
20,76
18,71
23,70
21,76
20,77
19,71
22,76
21,77
19,72
22,77
20,72
22,78
21,72
22,79
22,72
23,79
23,72
23,80
23,81
24,81
24,82
25,82
14,12
8,66
8,71
20,59
15,1
14,2
12,27
23,69
20,71
23,71
25,81
24,69
24,71
25,69
25,71
24,72
25,70
26,71
25,72
26,70
26,72
27,72
27,73
28,73
28,74
29,74
14,11
13,12
7,66
8,70
20,58
13,2
11,27
25,80
24,70
26,69
28,72
27,74
29,73
21,58
27,69
22,58
27,70
23,58
28,70
27,71
13,11
6,66
7,70
10,27
24,80
28,71
26,74
29,72
23,57
28,69
6,67
10,28
29,71
26,75
30,72
24,57
29,69
27,75
30,73
25,57
27,76
25,58
27,77
13,10
10,26
24,79
5,67
9,28
29,70
30,71
29,68
24,58
26,77
14,10
5,68
30,70
30,68
24,59
15,10
6,68
31,68
25,59
24,60
15,11
6,69
32,68
31,69
25,60
16,11
7,69
31,70
26,60
31,71
31,72
31,73
32,73
10,25
24,78
9,27
28,68
26,76
25,77
4,68
30,69
23,59
16,10
7,68
26,59
32,72
25,78
4,69
23,60
25,79
4,70
23,61
26,79
5,70
6,70
6,71
7,71
7,72
9,25
24,77
9,26
28,67
25,76
16,9
7,67
26,58
32,71
22,61
26,78
5,69
6,72
17,9
27,58
27,78
6,73
17,10
28,58
28,78
18,10
29,58
29,78
18,11
29,59
29,79
29,60
30,79
30,60
9,24
8,25
23,77
8,26
25,75
32,70
22,60
5,73
17,11
30,78
30,59
10,24
23,78
17,12
31,78
11,24
18,12
32,78
12,24
11,25
18,13
33,78
11,26
33,79
8,24
7,26
24,75
32,69
22,59
5,72
30,58
11,23
32,77
17,13
32,79
24,76
33,69
6,26
5,71
30,57
10,23
32,76
31,79
23,76
33,68
31,80
34,68
31,81
35,68
32,81
35,69
35,70
36,70
35,71
36,71
37,71
38,71
39,71
40,71
5,26
4,71
29,57
23,75
32,80
34,71
38,70
40,70
4,72
34,72
29,56
22,75
37,70
39,70
3,72
33,72
30,56
31,56
29,55
22,74
21,75
37,69
39,69
2,72
33,71
31,55
23,74
38,69
24,74
28,55
20,75
37,68
2,71
33,70
31,54
23,73
38,68
24,73
3,71
34,70
25,73
26,73
25,74
28,54
20,74
37,67
30,54
22,73
38,67
3,70
34,69
30,55
28,53
20,73
37,66
30,53
21,73
38,66
3,69
2,70
21,74
27,53
19,73
37,65
29,53
38,65
2,69
1,70
27,54
19,74
29,54
1,71
19,75
1,72
1,73
1,74
1,75
2,75
27,52
18,73
37,64
29,52
38,64
1,69
18,74
0,72
2,74
28,52
18,72
37,63
36,64
38,63
1,68
17,74
0,71
2,73
28,51
39,63
3,73
29,51
39,64
3,74
39,65
3,75
40,65
3,76
4,76
36,63
35,64
0,68
16,74
0,70
29,50
40,64
4,75
35,65
41,64
36,65
42,64
42,65
35,63
0,67
0,69
28,50
4,74
34,65
42,63
41,65
1,67
5,74
34,66
6,74
7,74
34,63
0,66
28,49
4,73
42,62
33,66
7,73
34,64
8,73
9,73
8,74
10,73
9,74
11,73
9,75
9,76
9,77
33,63
0,65
27,49
41,62
32,66
11,72
8,77
33,64
41,63
12,72
8,78
33,65
13,72
12,73
9,78
14,72
13,73
9,79
15,72
14,73
13,74
10,79
10,80
11,80
10,81
12,80
11,81
13,80
11,82
14,80
11,83
0,64
26,49
32,65
32,64
40,63
15,71
12,74
14,79
10,83
1,64
12,75
10,84
1,65
13,75
11,84
1,66
12,84
2,66
2,67
2,68
3,68
26,48
31,65
32,63
31,64
40,62
14,71
11,74
13,79
12,83
3,67
31,66
11,75
31,67
32,67
33,67
34,67
35,67
25,48
32,62
40,61
13,71
13,78
12,82
3,66
10,75
35,66
25,49
33,62
14,78
36,66
34,62
36,67
35,62
36,68
36,62
36,69
32,61
39,61
12,71
12,81
3,65
10,74
24,49
14,77
13,81
24,50
13,82
24,51
14,82
13,83
15,82
14,83
16,82
14,84
16,83
14,85
38,61
2,65
24,48
13,77
23,50
23,51
16,81
15,83
13,85
38,62
15,84
39,62
16,84
15,85
16,85
17,85
17,86
2,64
24,47
13,76
22,50
22,51
16,80
13,84
12,85
37,62
17,84
25,47
22,52
26,47
23,52
27,47
24,52
27,48
25,52
28,48
25,53
2,63
12,76
21,50
16,79
11,85
37,61
17,83
28,47
24,53
3,63
18,83
4,63
19,83
5,63
5,64
5,65
5,66
11,76
20,50
16,78
10,85
36,61
28,46
23,53
3,62
4,65
4,66
4,62
4,67
5,62
6,62
7,62
8,62
7,63
10,76
19,50
16,77
9,85
35,61
27,46
22,53
4,64
8,61
6,63
10,77
19,51
9,86
22,54
6,64
10,78
20,51
23,54
7,64
11,78
20,52
23,55
7,65
21,52
24,55
23,56
21,53
24,56
21,54
25,56
21,55
26,56
21,56
26,57
27,57
28,57
16,76
34,61
26,46
3,64
7,61
8,86
11,77
6,65
21,51
24,54
20,55
20,56
28,56
17,76
12,77
17,77
12,78
17,78
12,79
17,79
18,79
18,80
33,61
25,46
6,61
8,85
20,54
19,56
27,56
11,79
17,80
17,81
18,81
18,82
19,82
33,60
24,46
5,61
8,84
20,53
19,55
27,55
17,82
19,81
9,84
20,81
20,82
20,83
21,83
22,83
23,83
24,83
32,60
24,45
5,60
8,83
19,53
19,54
26,55
9,83
20,80
23,82
32,59
31,60
23,45
4,60
19,52
25,55
9,82
19,80
22,82
33,59
31,61
23,46
4,61
10,82
34,59
31,62
23,47
34,60
31,63
31,59
4,59
18,52
25,54
8,82
19,79
22,81
30,61
3,61
34,58
22,47
30,63
18,53
26,54
20,79
18,54
21,79
18,55
18,56
18,57
19,57
20,57
21,57
22,57
8,81
22,80
29,61
3,60
34,57
22,46
30,62
17,53
26,53
21,78
17,57
22,56
35,57
7,81
21,80
28,61
3,59
21,46
29,62
17,52
26,52
20,78
17,56
22,55
35,56
21,81
28,62
29,63
21,82
28,63
29,64
30,64
29,65
30,65
30,66
30,67
7,80
2,59
21,45
20,46
17,51
26,51
17,55
35,55
27,62
28,64
29,67
22,45
20,47
21,47
6,80
2,58
21,44
16,51
25,51
17,54
34,55
26,62
27,64
29,66
22,44
34,56
5,80
1,58
21,43
16,50
25,50
26,61
27,63
28,66
22,43
33,56
17,50
26,50
27,61
23,43
18,50
27,50
18,51
27,51
5,79
1,57
21,42
26,63
28,65
33,55
32,56
27,60
23,42
18,49
2,57
26,64
32,57
28,60
19,49
3,57
20,49
3,58
4,58
5,78
27,65
32,55
22,42
25,64
31,57
28,59
19,48
4,57
31,58
20,48
5,57
32,58
21,48
5,58
33,58
21,49
5,59
22,49
6,59
6,60
5,77
26,65
32,54
22,41
24,64
27,59
4,56
33,57
22,48
6,58
26,66
23,41
23,48
7,58
27,66
24,41
23,49
27,67
25,41
27,68
26,41
26,42
27,42
28,42
29,42
29,43
30,43
5,76
32,53
24,63
4,55
3,56
6,57
24,40
26,67
26,68
28,43
30,42
25,63
28,44
31,42
29,44
31,43
30,44
32,43
31,44
30,45
32,44
31,45
33,44
5,75
31,53
4,54
3,55
23,40
25,67
25,62
27,44
29,45
33,43
6,75
25,68
6,76
7,76
7,77
7,78
31,52
4,53
3,54
22,40
25,61
27,43
28,45
33,42
24,68
7,75
6,78
34,42
8,75
6,79
35,42
8,76
7,79
8,79
8,80
9,80
9,81
30,52
4,52
2,54
21,40
24,61
26,43
27,45
32,42
24,67
23,68
6,77
35,41
5,52
21,41
24,62
26,44
36,41
6,52
36,42
6,53
36,43
30,51
1,54
26,45
32,41
22,68
20,41
23,62
5,53
35,43
31,51
33,41
22,69
20,42
23,63
5,54
34,41
20,43
20,44
20,45
30,50
0,54
25,45
32,40
34,43
31,50
33,40
21,69
22,63
19,45
0,55
32,50
19,46
1,55
19,47
2,55
2,56
25,44
32,39
21,68
22,62
18,45
32,49
1,56
24,44
32,38
20,68
21,62
18,44
31,49
0,56
19,44
0,57
0,58
0,59
0,60
0,61
0,62
0,63
1,63
24,43
23,44
31,38
19,68
17,44
30,49
1,62
25,43
31,39
2,62
31,40
31,41
30,38
18,68
17,43
29,49
25,42
2,61
30,41
29,38
17,68
16,43
29,48
24,42
2,60
29,41
30,48
31,48
32,48
29,37
17,67
15,43
1,60
29,40
32,47
30,37
18,67
15,44
1,61
33,47
31,37
15,45
33,48
15,46
34,48
16,46
35,48
17,46
36,48
18,46
18,47
18,48
15,42
1,59
29,39
18,66
33,46
31,36
17,45
36,47
17,48
16,42
30,39
17,49
30,40
33,45
31,35
16,45
35,47
16,48
16,41
16,49
32,45
30,35
16,44
35,46
15,48
16,40
32,46
15,49
15,50
15,51
30,34
35,45
34,46
16,39
31,46
31,34
34,47
32,34
33,34
33,35
33,36
34,36
35,36
35,37
34,45
16,38
30,46
32,33
32,36
30,47
33,33
32,37
31,47
34,44
16,37
32,32
32,35
29,47
35,44
17,37
33,32
36,44
17,38
34,32
37,44
17,39
34,33
17,40
34,34
18,40
34,35
18,41
35,35
19,41
18,42
19,42
19,43
29,46
17,36
33,31
37,43
18,39
35,34
17,42
18,43
34,31
35,31
17,35
32,31
37,42
35,33
17,41
35,30
18,35
36,30
19,35
20,35
37,41
35,32
34,30
36,29
20,34
38,41
36,32
38,42
38,43
39,43
40,43
39,44
37,40
35,29
19,34
36,31
40,42
38,44
37,31
38,45
38,31
39,45
38,32
40,45
39,32
40,46
18,34
40,41
37,32
39,46
41,41
37,33
18,33
17,34
38,46
41,40
36,33
19,33
38,47
36,34
20,33
38,48
36,35
37,35
40,40
20,32
37,48
37,34
40,39
20,31
37,47
41,39
42,39
42,40
43,40
39,39
19,31
37,46
43,39
19,32
39,38
37,45
43,38
18,32
39,37
36,45
42,38
17,32
40,37
36,46
17,33
41,37
42,37
41,38
16,33
41,36
16,34
16,35
16,36
42,36
40,38
40,36
15,34
15,36
40,35
14,34
15,35
41,35
13,34
14,35
41,34
42,34
43,34
42,35
43,35
43,36
44,36
43,37
44,37
12,34
13,35
44,35
12,35
13,36
45,35
12,36
14,36
46,35
45,36
46,36
45,37
46,37
45,38
46,38
45,39
46,39
45,40
47,39
46,40
47,40
46,41
11,36
44,38
47,38
45,41
44,39
44,40
44,41
44,42
11,35
47,37
43,41
48,37
48,38
48,39
48,40
49,40
49,41
50,41
49,42
50,42
49,43
50,43
49,44
50,44
50,45
11,34
42,41
50,40
49,45
42,42
51,40
49,46
43,42
49,47
43,43
50,47
44,43
50,48
44,44
11,33
51,39
49,48
43,44
49,49
49,50
10,33
50,39
42,44
48,50
10,34
42,45
48,51
10,35
48,52
48,53
48,54
48,55
49,39
41,45
9,35
47,55
41,46
42,46
43,46
44,46
44,47
45,47
46,47
47,47
47,48
49,38
41,44
9,34
8,35
46,55
43,45
46,48
44,45
46,49
45,45
45,46
46,46
47,46
48,46
48,47
48,48
48,49
49,37
41,43
40,44
8,34
45,55
45,49
46,45
47,49
50,37
42,43
45,56
47,45
47,50
51,37
48,45
47,51
51,38
47,52
41,42
7,34
44,55
45,48
48,44
50,38
46,52
44,56
6,34
44,48
48,43
46,51
43,56
6,35
44,49
43,57
7,35
43,58
44,58
45,58
5,34
43,48
48,42
46,50
42,58
45,57
43,49
46,57
43,50
44,50
44,51
5,33
48,41
45,50
41,58
44,57
46,56
43,51
6,33
45,51
47,56
43,52
7,33
45,52
48,56
49,56
47,41
40,58
42,52
7,32
44,52
49,55
47,42
42,53
8,32
43,53
8,33
44,53
9,33
45,53
46,53
47,53
47,54
40,57
49,54
46,42
9,32
46,54
10,32
11,32
12,32
12,33
13,33
40,56
49,53
45,42
45,54
13,32
50,53
45,43
51,53
46,43
51,54
47,43
47,44
40,55
44,54
13,31
50,54
46,44
50,55
50,56
51,56
39,55
43,54
13,30
12,31
45,44
51,55
39,56
43,55
14,30
52,55
14,31
52,56
14,32
53,56
15,32
53,57
15,33
39,54
42,54
11,31
42,55
15,31
52,57
14,33
42,56
38,54
10,31
41,55
15,30
51,57
41,56
38,55
41,57
38,56
42,57
9,31
41,54
15,29
50,57
37,56
9,30
41,53
40,54
14,29
49,57
36,56
36,57
37,57
37,58
37,59
8,30
41,52
40,53
14,28
48,57
36,59
8,31
15,28
16,28
16,29
17,29
18,29
17,30
18,30
19,30
20,30
21,30
7,30
40,52
47,57
36,58
7,31
16,30
21,29
47,58
16,31
22,29
47,59
17,31
16,32
22,30
18,31
22,31
22,32
23,32
24,32
25,32
7,29
39,52
35,58
46,58
46,59
21,31
25,31
8,29
39,53
35,59
21,32
26,31
9,29
35,60
21,33
27,31
10,29
36,60
22,33
27,32
10,30
37,60
23,33
11,30
38,60
23,34
12,30
39,51
45,59
38,53
26,32
38,59
22,34
40,51
45,60
26,33
41,51
46,60
26,34
42,51
47,60
26,35
48,60
26,36
37,53
38,58
21,34
42,50
48,59
25,36
37,54
21,35
37,55
22,35
23,35
24,35
23,36
25,35
36,53
38,57
42,49
48,58
24,36
36,55
24,34
22,36
36,54
39,57
49,58
24,37
25,34
39,58
49,59
24,38
39,59
50,59
39,60
40,60
41,49
35,54
25,33
23,38
50,58
40,59
41,50
51,58
41,59
52,58
51,59
42,59
41,60
52,59
51,60
42,60
41,61
53,59
52,60
42,61
53,60
43,61
53,61
43,62
43,63
44,63
44,64
44,65
35,53
34,54
24,33
23,37
40,50
53,58
52,61
43,65
43,66
44,66
44,67
35,52
34,53
22,37
40,49
51,61
43,64
43,67
36,52
22,38
51,62
37,52
22,39
52,62
23,39
53,62
24,39
54,62
25,39
55,62
25,40
26,40
34,52
33,53
21,37
40,48
42,67
37,51
55,61
26,39
33,54
41,48
38,51
27,39
42,48
38,52
27,40
28,40
28,41
33,52
21,36
42,66
54,61
42,47
28,39
27,41
43,47
32,52
20,36
41,66
54,60
28,38
55,60
32,51
19,36
40,66
54,59
28,37
27,38
55,59
33,51
19,37
18,36
39,66
28,36
27,37
55,58
33,50
18,37
39,67
18,38
39,68
19,38
40,68
19,39
41,68
40,69
19,40
41,69
20,40
41,70
42,70
42,71
27,36
26,37
54,58
33,49
41,67
20,39
41,71
26,38
34,49
21,39
41,72
34,50
35,50
35,51
36,51
27,35
54,57
40,67
25,38
21,38
40,72
34,51
36,50
55,57
40,73
37,50
27,34
54,56
25,37
20,38
55,56
39,73
37,49
38,49
39,49
39,50
27,33
54,55
20,37
55,55
39,72
36,49
39,48
38,50
28,33
56,55
28,34
28,35
29,35
29,36
30,36
54,54
53,55
38,72
35,49
39,47
56,54
29,34
40,47
57,54
41,47
54,53
53,54
37,72
29,33
57,53
37,73
30,33
37,74
54,52
52,54
56,53
30,32
36,74
55,52
31,32
36,75
31,33
52,53
55,53
29,32
55,51
35,75
55,54
52,52
29,31
55,50
34,75
56,50
56,51
56,52
57,52
58,52
59,52
59,53
52,51
51,52
28,31
34,74
58,53
28,32
35,74
58,54
59,54
59,55
59,56
52,50
50,52
35,73
58,56
52,49
50,51
49,52
35,72
34,73
58,55
36,72
36,73
52,48
50,50
49,51
33,73
57,55
53,48
33,74
57,56
50,49
53,47
32,74
56,56
51,49
56,57
51,50
56,58
51,51
57,58
58,58
58,59
58,60
59,60
58,61
52,47
31,74
51,48
57,57
59,59
57,61
58,57
59,57
60,57
52,46
30,74
51,47
59,58
56,61
60,56
30,75
60,58
30,76
60,59
31,76
30,77
60,60
31,77
60,61
60,62
60,63
60,64
52,45
51,46
56,60
60,55
31,75
29,77
59,64
32,75
59,65
33,75
59,66
33,76
60,66
34,76
33,77
34,77
34,78
35,78
52,44
51,45
50,46
56,59
60,54
28,77
60,65
35,77
53,44
57,59
61,54
61,65
53,45
57,60
62,54
62,65
61,66
53,46
63,54
62,66
54,46
62,67
54,47
54,48
54,49
54,50
54,51
52,43
51,44
28,76
35,76
62,64
61,67
53,50
53,51
36,76
61,68
53,52
37,76
36,77
61,69
53,53
37,77
38,77
52,42
51,43
28,75
62,63
53,49
60,68
37,75
60,69
38,76
53,42
29,75
63,63
60,70
39,76
53,43
29,76
63,64
60,71
40,76
39,77
63,65
61,71
64,65
65,65
51,42
61,63
59,68
59,69
38,75
53,41
61,70
65,64
61,64
59,70
39,75
51,41
59,67
38,74
64,64
58,70
39,74
52,41
60,67
40,74
40,75
41,75
38,73
64,63
57,70
52,40
41,74
57,71
57,72
56,70
52,39
41,73
53,39
42,73
53,40
43,73
54,40
54,41
54,42
55,42
55,70
52,38
43,72
55,41
53,38
44,72
45,72
45,73
46,73
45,74
47,73
46,74
45,75
46,75
47,75
47,76
47,77
47,78
54,70
42,72
55,40
53,37
45,71
47,72
46,78
48,72
46,79
47,79
48,79
49,79
50,79
50,80
51,80
52,80
53,80
54,80
54,81
53,70
55,39
53,36
45,70
48,71
53,81
56,39
53,82
52,70
52,36
45,69
47,71
56,38
52,82
52,37
52,83
52,84
52,85
52,86
52,87
51,70
52,35
44,69
47,70
46,71
55,38
51,82
51,83
51,84
51,87
44,70
46,72
51,88
44,71
51,69
50,70
52,34
51,35
43,69
46,70
55,37
51,81
50,84
50,88
43,71
51,36
52,81
50,89
50,90
50,69
49,70
51,34
43,68
42,69
46,69
55,36
49,84
43,70
50,36
49,90
44,68
56,36
49,91
57,36
49,92
49,93
49,94
49,69
48,70
50,34
42,68
46,68
48,84
50,35
56,35
57,35
48,93
48,94
48,95
49,95
49,96
50,96
51,96
51,97
52,97
49,68
48,69
49,34
45,68
47,84
49,35
55,35
57,34
47,93
50,95
52,96
50,68
49,36
58,34
47,94
51,68
58,35
47,95
58,36
47,96
59,36
48,96
48,97
48,98
49,98
48,68
48,34
45,67
47,83
54,35
50,94
48,36
51,67
59,35
49,97
48,35
48,83
54,36
52,67
60,35
50,97
49,83
54,37
52,68
60,36
50,98
50,83
54,38
53,68
60,37
50,99
54,39
54,68
47,68
45,66
53,35
50,93
47,36
60,34
50,82
53,67
59,37
49,99
54,67
47,69
51,93
55,67
51,94
55,68
51,95
55,69
52,95
53,95
54,95
54,96
45,65
53,34
47,35
60,33
50,81
53,66
58,37
48,99
55,66
54,69
53,96
46,65
54,34
61,33
54,66
53,97
62,33
53,98
63,33
45,64
47,34
49,81
57,37
47,99
53,69
54,65
52,98
63,32
49,82
57,38
55,65
57,39
57,40
57,41
57,42
58,42
58,43
45,63
47,33
56,37
47,98
52,69
51,98
62,32
48,82
55,64
56,42
57,43
46,63
51,99
57,44
46,64
52,99
57,45
47,64
53,99
58,45
57,46
54,99
58,46
55,99
59,46
56,99
59,47
57,99
60,47
58,99
59,99
46,33
46,98
61,32
48,81
54,64
56,41
56,43
47,63
58,44
55,98
60,46
59,98
48,63
45,33
46,97
45,98
61,31
48,80
47,81
54,63
56,40
55,43
54,98
60,45
58,98
48,62
47,97
45,99
62,31
49,80
47,82
55,63
46,99
63,31
56,63
44,33
45,97
60,31
46,81
53,63
54,43
54,97
59,45
57,98
47,62
46,82
63,30
56,62
44,34
60,32
53,64
54,44
55,97
57,62
45,34
54,45
57,63
46,34
55,45
57,64
56,45
55,46
58,64
55,47
58,65
56,47
58,66
56,48
43,33
45,96
45,81
59,44
57,97
47,61
45,82
62,30
52,64
55,96
56,64
56,44
58,63
56,46
57,66
55,48
46,96
60,44
52,65
55,49
61,44
53,65
52,66
56,49
61,45
57,49
61,46
62,46
62,47
63,47
62,48
63,48
64,48
65,48
43,32
45,95
44,81
59,43
56,97
46,61
61,30
55,95
55,44
58,62
57,65
51,66
57,48
63,46
65,47
46,95
44,82
60,43
56,98
46,62
59,62
44,83
59,63
44,84
44,85
45,85
42,32
45,94
56,96
45,61
60,30
55,94
56,65
50,66
57,47
64,47
46,94
43,82
60,42
45,62
59,61
43,85
45,84
42,33
56,66
50,67
58,47
56,67
58,48
57,67
59,48
57,68
59,49
56,95
60,29
54,94
64,46
46,93
43,81
60,41
44,62
42,85
45,83
41,33
49,67
56,68
58,49
57,95
65,46
61,41
46,83
56,69
58,50
66,46
61,42
46,84
57,69
59,50
66,47
61,43
46,85
58,69
60,50
67,47
62,43
47,85
61,50
63,43
48,85
61,51
49,85
48,86
62,51
49,86
48,87
62,52
50,86
62,53
51,86
63,53
64,53
64,54
65,54
65,55
66,55
67,55
68,55
60,28
54,93
53,94
64,45
45,93
43,80
44,61
42,84
41,32
48,67
57,94
58,68
67,46
62,42
63,42
47,86
47,87
61,53
51,85
64,55
67,54
68,54
65,45
44,80
43,84
58,94
64,56
69,54
59,94
59,28
54,92
52,94
44,93
42,80
44,60
41,31
47,67
58,67
62,41
63,41
46,87
61,52
60,53
50,85
66,54
65,44
44,79
43,83
63,56
69,53
59,93
59,29
42,31
43,31
58,28
54,91
44,92
44,59
46,67
62,40
63,40
46,86
60,52
66,53
64,44
42,83
63,55
69,52
58,93
58,29
43,30
55,91
45,92
67,53
70,52
58,30
68,53
59,30
58,31
59,31
59,32
59,33
59,34
57,28
43,59
46,66
61,40
63,39
45,86
60,51
65,53
63,44
42,82
62,55
58,92
57,93
42,30
55,90
45,91
70,51
57,31
58,33
43,60
47,66
45,87
63,45
59,92
57,32
57,33
56,28
62,39
59,51
65,52
42,81
61,55
57,92
56,93
41,30
55,89
45,90
69,51
58,32
47,65
44,87
62,45
59,91
56,32
61,56
56,94
48,65
56,33
62,56
48,66
56,34
62,57
49,66
56,27
61,39
58,51
64,52
41,81
55,93
41,29
40,30
54,89
44,90
68,51
44,86
43,87
62,44
58,91
48,64
55,34
61,57
49,65
57,27
54,90
44,91
68,52
61,58
50,65
61,59
51,65
62,59
61,60
62,60
62,61
62,62
63,62
56,26
61,38
60,39
57,51
64,51
41,80
55,92
41,28
40,29
43,86
57,91
55,33
53,90
43,91
67,52
50,64
51,64
62,58
61,62
63,61
60,40
56,92
53,91
43,92
53,92
43,93
53,93
56,25
60,38
57,50
64,50
63,51
40,80
41,27
40,28
39,29
42,86
57,90
55,32
43,90
66,52
49,64
51,63
61,61
63,60
59,40
56,91
42,93
52,93
65,50
63,52
42,87
58,90
52,63
64,60
42,94
66,50
65,51
42,88
59,90
43,94
43,88
60,90
44,94
44,88
44,95
44,96
44,97
55,25
59,38
39,80
41,26
40,27
39,28
41,86
55,31
42,90
66,51
49,63
50,63
63,59
59,39
56,90
52,92
66,49
60,89
43,97
55,26
42,26
56,31
67,51
64,59
43,98
55,27
65,59
44,98
55,28
44,99
55,29
58,38
39,79
41,25
40,26
38,28
40,86
55,30
42,89
49,62
58,39
56,89
52,91
66,48
65,49
60,88
43,96
42,25
56,30
67,50
54,27
65,58
43,99
40,79
43,89
50,62
58,40
57,89
67,48
68,50
44,89
58,41
67,49
69,50
45,89
59,41
68,49
70,50
59,42
71,50
71,51
72,51
38,79
41,24
40,25
39,26
37,28
40,85
54,30
52,90
64,49
59,88
43,95
42,24
56,29
54,26
64,58
42,99
50,61
57,88
45,88
68,48
72,50
37,29
41,85
54,31
59,89
57,29
46,88
38,29
54,32
57,30
47,88
38,30
54,33
47,89
39,30
48,89
39,31
40,31
40,32
40,33
37,79
41,23
38,26
40,84
52,89
63,49
42,95
54,25
63,58
49,61
57,87
68,47
72,49
58,89
37,30
53,33
46,89
48,88
39,33
42,23
38,27
41,84
42,96
46,90
49,88
43,23
39,27
46,91
49,89
44,23
46,92
45,23
47,92
36,79
51,89
62,49
63,57
49,60
48,61
57,86
68,46
71,49
58,88
52,33
38,33
37,27
41,83
41,96
49,87
44,22
45,22
47,91
51,90
62,50
64,57
50,60
38,34
50,87
46,22
51,91
63,50
65,57
39,34
38,35
46,23
40,34
39,35
46,24
39,36
36,78
61,49
57,85
68,45
70,49
58,87
52,32
40,83
41,95
44,21
47,90
50,91
65,56
45,24
38,36
37,78
53,32
45,21
48,90
50,92
66,56
45,25
38,78
46,21
48,91
51,92
66,57
39,78
48,92
67,57
40,78
67,58
67,59
67,60
68,60
68,61
61,48
57,84
67,45
70,48
58,86
40,82
41,94
37,36
44,25
46,20
67,56
40,77
67,61
71,48
59,86
41,82
41,77
67,62
59,87
67,63
61,47
60,48
56,84
66,45
40,81
41,93
36,36
43,25
46,19
71,47
59,85
41,76
66,62
60,49
56,85
36,37
72,47
60,85
42,76
66,63
56,86
36,38
72,48
60,86
42,77
56,87
36,39
73,48
60,87
42,78
37,39
36,40
73,49
61,87
38,39
73,50
61,88
38,40
73,51
61,89
39,40
74,51
62,89
39,41
62,90
39,42
66,44
39,81
40,93
43,24
45,19
71,46
55,85
42,75
65,63
55,87
41,78
37,38
35,40
74,50
61,90
67,44
44,24
55,86
41,79
61,91
68,44
42,79
62,91
69,44
43,79
63,91
63,92
66,43
38,81
40,92
45,18
44,19
71,45
70,46
54,85
42,74
65,62
54,87
37,37
34,40
74,49
67,43
54,86
69,43
43,78
62,92
70,47
43,74
54,88
38,37
68,43
44,78
62,93
44,74
55,88
38,38
45,78
63,93
56,88
45,79
64,93
45,80
46,80
47,80
37,81
39,92
45,17
70,45
69,46
54,84
64,62
34,39
74,48
53,86
69,42
53,88
68,42
44,77
44,73
64,92
46,17
69,47
75,48
70,42
53,89
45,77
65,92
47,17
46,18
69,48
75,49
70,43
46,77
65,93
47,18
69,49
76,49
70,44
66,93
65,94
48,18
71,44
67,93
66,94
48,19
67,94
67,95
37,80
39,91
38,92
69,45
53,84
64,61
33,39
53,85
53,87
52,88
68,41
65,91
47,16
46,76
76,48
71,43
67,92
47,19
66,95
38,80
40,91
65,61
72,43
47,20
72,44
47,21
73,44
48,21
74,44
48,22
74,45
74,46
74,47
75,47
36,80
53,83
33,38
67,41
64,91
46,16
45,76
76,47
67,91
65,95
40,90
65,60
48,20
47,22
73,47
75,46
36,81
54,83
66,60
47,23
66,61
48,23
49,23
49,24
49,25
33,37
67,40
66,41
64,90
46,15
44,76
76,46
66,91
64,95
40,89
39,90
73,46
75,45
35,81
54,82
66,59
48,25
34,37
68,40
77,46
66,92
35,82
55,82
34,38
78,46
36,82
55,83
35,38
79,46
37,82
55,84
35,39
79,47
38,82
79,48
39,82
80,48
39,83
80,49
39,84
80,50
39,85
81,50
82,50
81,51
82,51
83,51
84,51
85,51
86,51
66,40
63,90
46,14
44,75
63,95
40,88
38,90
73,45
75,44
35,80
66,58
48,24
68,39
78,47
38,85
80,51
86,50
38,91
80,52
81,52
81,53
63,89
46,13
45,14
43,75
63,94
62,95
72,45
75,43
35,79
47,24
67,39
77,47
38,84
85,50
37,91
80,53
45,15
43,76
64,94
72,46
47,25
77,48
43,77
77,49
78,49
78,50
78,51
79,51
63,88
46,12
62,94
61,95
74,43
34,79
66,39
38,83
84,50
37,90
79,53
44,15
46,25
78,48
77,50
79,50
34,80
46,26
46,27
47,27
63,87
61,94
73,43
66,38
65,39
37,83
84,49
83,50
37,89
79,52
78,53
43,15
76,50
79,49
33,80
45,27
47,26
64,87
67,38
65,40
85,49
78,54
33,81
48,26
64,88
68,38
65,41
86,49
79,54
34,81
49,26
65,88
69,38
79,55
34,82
49,27
70,38
61,93
73,42
65,38
36,83
37,88
78,52
42,15
75,50
45,26
64,41
86,48
65,87
78,55
33,82
48,27
70,37
74,42
36,84
42,16
75,51
64,42
78,56
33,83
75,42
37,84
42,17
75,52
64,43
34,83
37,85
65,43
35,83
35,84
35,85
60,93
64,38
37,87
77,52
41,15
44,26
65,86
69,37
77,56
75,41
41,17
74,52
36,85
65,42
34,85
60,94
64,39
38,87
41,18
66,42
60,95
64,40
38,88
42,18
67,42
38,89
39,89
60,92
63,38
77,51
41,14
43,26
65,85
77,55
74,41
40,17
73,52
34,84
40,18
59,95
39,88
61,92
43,27
66,85
59,96
59,97
60,97
60,98
61,98
60,99
62,98
61,99
62,99
60,91
62,38
76,51
40,14
65,84
76,55
73,41
39,17
72,52
33,84
39,87
42,27
66,84
58,97
62,97
76,52
76,56
39,18
33,85
40,87
42,28
67,84
63,97
41,87
42,29
68,84
63,98
41,88
43,29
69,84
63,99
41,89
44,29
70,84
64,99
41,90
45,29
70,85
41,91
70,86
42,91
70,87
42,92
40,13
39,14
65,83
75,55
72,41
71,52
58,96
75,56
38,18
32,85
44,28
64,98
45,28
69,87
41,92
66,83
72,42
38,19
32,86
46,28
67,83
39,19
33,86
47,28
68,83
40,19
34,86
48,28
41,19
35,86
49,28
41,20
36,86
50,28
37,86
36,87
38,86
39,86
40,12
39,13
74,55
58,95
57,96
74,56
44,27
43,28
64,97
69,86
71,42
68,82
40,20
50,27
35,87
69,82
51,27
51,28
52,28
40,11
74,54
64,96
69,85
68,86
71,41
39,20
34,87
69,81
52,27
41,11
75,54
34,88
41,12
76,54
35,88
41,13
36,88
42,13
36,89
43,13
43,14
44,14
73,54
63,96
68,85
71,40
38,20
68,81
52,26
76,53
35,89
42,14
44,13
72,40
53,26
77,53
45,13
53,27
77,54
53,28
54,28
54,29
62,96
67,85
37,20
67,81
75,53
34,89
72,39
45,12
53,29
67,86
67,82
53,30
67,87
53,31
68,87
68,88
61,96
37,19
67,80
66,81
74,53
33,89
71,39
44,12
66,82
52,31
67,88
61,97
60,96
37,18
67,79
65,81
73,53
33,88
32,89
70,39
43,12
65,82
52,30
66,88
68,79
68,80
69,80
70,80
71,80
37,17
65,80
72,53
33,87
32,88
69,39
43,11
64,82
52,29
66,87
71,79
38,17
72,54
69,40
44,11
70,40
70,41
37,16
64,80
32,87
43,10
64,81
63,82
51,29
66,86
70,79
71,54
44,10
69,41
63,83
51,30
45,10
64,83
46,10
46,11
47,11
48,11
47,12
49,11
47,13
49,12
47,14
47,15
37,15
63,80
31,87
42,10
50,29
69,79
71,53
50,30
45,11
48,12
63,81
31,88
42,11
48,13
31,89
42,12
49,13
50,13
36,15
49,29
69,78
70,53
49,30
62,81
30,89
50,12
36,16
70,78
70,54
49,31
62,82
51,12
36,17
71,78
70,55
50,31
62,83
52,12
51,13
36,18
71,55
51,31
62,84
52,13
36,19
71,56
51,32
63,84
52,14
36,20
51,33
64,84
52,15
36,21
64,85
53,15
37,21
64,86
53,16
38,21
38,22
38,23
36,14
48,29
30,88
70,77
71,77
69,55
52,11
70,56
50,33
51,15
63,86
37,22
37,23
37,14
72,77
53,11
38,14
73,77
72,78
38,15
73,78
38,16
74,78
39,16
40,16
41,16
47,29
29,88
70,76
69,56
50,32
49,33
51,14
63,85
36,22
74,77
39,15
29,89
69,57
40,15
70,57
71,57
71,58
72,58
73,58
72,59
73,59
74,59
74,60
74,61
74,62
75,62
75,63
46,29
70,75
68,56
49,32
48,33
50,14
62,85
35,22
74,76
28,89
71,59
73,60
74,63
46,30
68,57
35,23
71,60
73,61
46,31
68,58
36,23
72,60
73,62
68,59
36,24
72,61
69,75
48,32
49,14
61,85
73,76
28,88
73,63
70,60
72,62
35,24
71,61
69,76
61,86
69,77
62,86
62,87
62,88
48,31
48,14
61,84
72,76
28,87
72,63
69,60
34,24
70,61
68,77
48,15
29,87
72,64
48,16
30,87
72,65
48,17
73,65
49,17
74,65
50,17
50,18
48,30
61,83
72,75
69,59
34,23
69,61
67,77
71,64
30,86
74,64
50,16
49,18
73,75
69,62
31,86
75,64
49,19
74,75
70,62
75,65
49,20
75,75
71,62
76,65
49,21
75,76
71,63
76,66
50,21
75,77
51,21
76,77
47,30
61,82
60,83
69,58
34,22
33,23
67,76
73,64
49,16
31,85
74,74
70,63
75,66
50,20
51,20
47,31
60,84
70,58
33,24
68,76
75,74
52,20
47,32
70,59
33,25
53,20
52,21
33,26
53,21
33,27
53,22
34,27
35,27
36,27
36,28
61,81
49,15
31,84
69,63
74,66
50,19
59,84
68,75
75,73
46,32
32,25
53,19
52,22
35,26
35,28
50,15
32,84
69,64
74,67
51,19
76,73
32,26
52,23
36,26
70,64
69,65
75,67
52,19
76,74
53,23
37,26
70,65
76,67
76,75
54,23
71,65
77,67
76,76
55,23
71,66
77,76
55,24
78,76
77,77
79,76
77,78
77,79
78,79
79,79
61,80
30,84
73,66
59,83
68,74
45,32
31,25
35,25
34,28
32,83
31,26
51,23
68,65
52,18
37,25
77,66
70,66
54,24
76,78
79,78
62,80
34,29
31,27
70,67
32,27
71,67
71,68
71,69
71,70
72,70
73,70
30,83
29,84
72,66
58,83
67,74
45,31
31,24
34,25
32,82
50,23
67,65
51,18
37,24
36,25
53,24
75,78
79,77
33,29
73,69
31,83
72,67
58,84
67,75
34,26
38,24
53,25
75,79
33,30
74,69
73,67
58,85
38,25
76,79
74,70
73,68
39,25
76,80
75,70
74,68
77,80
75,71
75,68
77,81
76,71
75,69
77,82
78,82
79,82
29,83
58,82
45,30
31,23
50,22
66,65
51,17
78,77
32,29
31,82
66,75
52,25
32,30
72,68
39,24
74,71
76,70
79,81
32,23
51,22
78,78
72,69
40,24
77,70
32,24
78,70
29,82
57,82
44,30
49,22
66,64
51,16
32,28
30,82
65,75
51,25
31,30
73,71
78,81
40,23
57,83
44,31
67,64
52,16
33,28
65,76
51,26
31,31
73,72
44,32
68,64
52,17
66,76
53,17
66,77
53,18
66,78
54,18
67,78
55,18
68,78
55,19
56,19
57,19
57,20
58,20
57,21
58,21
57,22
59,21
57,23
58,23
59,23
58,24
60,23
59,24
58,25
59,25
60,25
59,26
60,26
28,82
31,28
30,81
65,74
78,80
39,23
56,83
50,26
30,31
72,72
68,63
65,78
54,19
59,20
60,22
60,24
31,29
66,74
79,80
54,20
61,24
80,80
54,21
80,81
54,22
81,81
55,22
81,82
81,83
27,82
30,80
39,22
56,82
50,25
30,30
72,71
68,62
65,77
59,19
59,22
30,29
66,73
61,23
80,83
27,83
67,73
80,84
28,83
68,73
80,85
28,84
81,85
29,80
39,21
56,81
50,24
29,30
71,71
64,77
58,19
58,22
30,28
61,22
80,82
67,72
68,72
27,84
81,84
29,81
40,21
51,24
71,72
69,72
82,84
40,22
52,24
71,73
83,84
41,22
84,84
42,22
85,84
86,84
86,85
55,81
29,29
64,76
58,18
30,27
61,21
66,72
26,84
28,81
69,71
70,73
41,21
42,21
86,83
85,85
26,85
27,85
26,86
28,85
26,87
55,80
28,29
63,76
57,18
30,26
61,20
66,71
27,81
70,72
69,73
42,20
85,83
84,85
25,86
56,80
28,30
69,74
43,20
84,86
25,87
70,74
44,20
43,21
25,88
71,74
45,20
43,22
26,88
71,75
26,89
71,76
26,90
63,75
56,18
30,25
61,19
66,70
26,81
70,71
42,19
84,83
56,79
27,30
24,87
25,90
64,75
26,82
43,19
57,79
24,88
26,83
57,80
24,89
58,80
25,89
56,17
29,25
61,18
65,70
26,80
70,70
83,83
26,30
24,86
24,90
43,18
57,78
25,83
58,79
27,80
44,18
25,84
55,17
29,24
64,70
69,70
82,83
25,30
23,86
23,90
43,17
56,78
58,78
27,79
44,17
24,84
30,24
64,71
23,87
28,79
24,85
65,71
23,88
28,80
25,85
23,89
55,16
69,69
82,82
24,30
22,90
43,16
55,78
58,77
44,16
30,23
23,85
70,69
83,82
24,31
45,16
54,16
22,89
55,77
58,76
29,23
23,84
70,68
83,81
23,31
54,17
54,15
21,89
54,77
57,76
69,68
83,80
82,81
23,30
55,15
57,77
56,15
57,15
57,16
21,88
54,76
69,67
82,80
23,29
56,77
56,14
56,16
22,88
24,29
25,29
54,75
68,67
81,80
56,76
55,14
22,87
25,28
55,75
26,28
55,76
26,29
27,29
68,66
81,79
56,75
54,14
22,86
55,74
26,27
69,66
57,75
56,74
27,27
27,28
28,28
29,28
67,66
80,79
54,13
53,14
22,85
54,74
57,74
29,27
67,67
55,13
58,74
67,68
58,75
68,68
68,69
80,78
53,13
22,84
53,74
29,26
66,67
67,69
81,78
53,75
66,68
67,70
53,76
66,69
67,71
68,71
53,12
21,84
28,26
81,77
52,76
65,69
68,70
54,12
28,27
52,77
53,77
20,84
27,26
80,77
51,76
65,68
64,69
54,11
51,77
55,11
51,78
55,12
52,78
56,12
53,78
56,13
54,78
57,13
54,79
57,14
55,79
58,14
59,14
59,15
60,15
60,16
19,84
26,26
80,76
65,67
63,69
50,78
53,79
59,13
59,16
81,76
63,70
60,13
59,17
82,76
60,14
59,18
83,76
60,18
60,19
60,20
60,21
18,84
25,26
65,66
62,69
50,77
52,79
58,16
60,12
83,75
60,17
18,85
25,27
66,66
62,70
58,17
61,17
18,86
62,71
18,87
63,71
18,88
63,72
64,72
63,73
65,72
65,73
64,66
49,77
51,79
58,15
59,12
82,75
57,17
61,16
17,88
62,73
64,73
64,67
49,78
62,16
64,74
64,68
62,17
62,18
62,19
62,20
62,21
62,22
63,22
62,23
63,23
63,24
64,24
64,25
64,26
63,66
58,12
82,74
17,87
16,88
62,72
61,73
48,78
63,74
63,21
62,24
63,25
63,26
63,67
58,13
16,89
63,68
17,89
58,11
81,74
16,87
15,88
61,72
48,77
62,74
62,25
62,26
62,68
59,11
81,75
62,27
60,11
63,27
61,11
64,27
62,11
64,28
63,11
57,11
80,74
16,86
15,87
60,72
61,74
61,25
63,28
63,10
57,12
80,75
61,26
63,29
61,27
64,29
65,29
56,11
15,86
59,72
60,74
79,75
62,29
60,27
65,28
66,28
56,10
14,86
58,72
60,73
78,75
61,29
59,27
65,27
58,73
66,27
55,10
13,86
58,71
59,73
77,75
61,28
58,27
65,26
57,73
66,26
59,71
59,74
62,28
59,75
60,75
59,76
60,76
59,77
61,76
60,77
62,76
61,77
61,78
61,79
62,79
55,9
12,86
77,74
58,26
65,25
56,73
66,25
62,75
60,78
62,78
56,9
67,25
11,86
77,73
57,26
65,24
55,73
61,75
59,78
62,77
56,8
67,24
66,24
59,79
63,77
60,79
63,78
60,80
64,78
63,79
60,81
64,79
60,82
65,79
66,79
66,80
10,86
77,72
57,25
54,73
55,8
67,23
59,80
59,82
10,87
78,72
10,88
11,88
12,88
11,89
13,88
11,90
13,89
12,90
13,90
14,90
13,91
14,91
15,91
15,92
15,93
16,93
17,93
76,72
57,24
54,72
54,8
66,23
59,81
78,71
12,89
12,91
15,90
16,92
54,9
79,71
12,92
17,92
54,10
80,71
13,92
18,92
14,92
19,92
14,93
75,72
56,24
54,71
53,72
66,22
58,81
77,71
11,91
15,89
17,91
53,10
80,70
19,91
13,93
55,71
53,73
20,91
13,94
56,71
21,91
14,94
56,72
22,91
15,94
23,91
15,95
24,91
16,95
24,92
17,95
17,96
18,96
19,96
20,96
20,97
20,98
74,72
56,23
53,71
65,22
57,81
10,91
14,89
17,90
53,9
79,70
18,91
52,73
21,90
55,72
23,92
18,95
19,98
74,73
65,23
52,74
52,75
56,22
10,90
14,88
16,90
52,9
79,69
18,90
22,92
18,98
73,73
64,23
51,75
16,91
52,10
56,21
10,89
9,90
14,87
79,68
78,69
18,89
21,92
17,98
72,73
64,22
51,74
51,10
19,89
72,74
51,11
19,90
73,74
20,90
55,21
9,89
13,87
77,69
20,92
16,98
64,21
50,74
50,11
20,89
20,93
16,99
65,21
50,75
21,93
17,99
66,21
22,93
18,99
67,21
23,93
19,99
67,22
24,93
20,99
24,94
21,99
55,20
9,88
12,87
76,69
50,73
50,10
20,88
49,75
66,20
23,94
21,98
56,20
51,73
49,76
67,20
22,98
50,76
68,20
22,99
23,99
24,99
25,99
26,99
27,99
28,99
9,87
11,87
76,68
50,72
49,10
20,87
22,94
48,76
67,19
27,98
28,98
77,68
51,72
21,87
22,95
68,19
29,98
78,68
52,72
8,87
48,10
48,75
27,97
28,97
21,86
68,18
29,97
78,67
52,71
8,88
79,67
8,89
80,67
48,9
47,10
48,74
27,96
28,96
20,86
67,18
29,96
51,71
7,88
79,66
7,89
80,66
49,74
30,96
7,90
81,66
30,97
8,90
31,97
8,91
32,97
9,91
32,98
9,92
33,98
10,92
34,98
11,92
11,93
11,94
11,95
12,95
12,96
12,97
13,97
13,98
48,8
47,9
47,74
26,96
20,85
67,17
50,71
7,87
78,66
49,73
6,90
81,65
34,97
10,93
12,94
12,98
21,85
10,94
12,99
13,99
14,99
15,99
47,8
46,9
26,95
25,96
19,85
66,17
49,71
7,86
6,87
78,65
48,73
33,97
9,93
12,93
11,98
9,94
15,98
25,97
19,86
66,18
49,72
9,95
26,97
19,87
66,19
10,95
26,98
19,88
47,7
25,95
7,85
6,86
78,64
77,65
33,96
10,98
15,97
14,98
65,19
25,98
79,64
34,96
10,99
35,96
11,99
46,7
6,85
78,63
77,64
32,96
15,96
14,97
64,19
24,98
79,63
35,95
46,8
16,96
36,95
16,97
17,97
18,97
19,97
6,84
76,64
31,96
14,96
64,18
23,98
79,62
35,94
45,8
36,94
7,84
80,62
45,9
37,94
81,62
37,95
82,62
38,95
83,62
38,96
84,62
76,63
31,95
13,96
64,17
23,97
35,93
7,83
44,9
37,96
84,61
77,63
65,17
24,97
36,93
37,97
85,61
65,18
38,97
85,62
39,97
85,63
39,98
86,63
39,99
86,64
40,99
87,64
41,99
88,64
89,64
76,62
30,95
13,95
34,93
7,82
6,83
44,8
43,9
36,96
77,62
65,16
24,96
38,98
85,64
41,98
89,63
14,95
36,97
78,62
85,65
42,98
90,63
91,63
92,63
92,64
92,65
76,61
29,95
34,92
6,82
5,83
43,8
65,15
24,95
37,98
84,64
35,97
78,61
84,65
42,97
91,65
5,84
66,15
37,99
35,98
84,66
91,66
67,15
66,16
38,99
36,98
85,66
91,67
68,15
67,16
36,99
91,68
68,16
92,68
68,17
93,68
69,17
93,69
69,18
70,18
71,18
71,19
71,20
76,60
75,61
28,95
33,92
5,82
42,8
23,95
83,64
77,61
83,65
41,97
91,64
4,84
90,66
35,99
92,69
70,19
33,93
42,9
23,96
92,70
75,60
27,95
33,91
4,82
83,63
77,60
82,65
40,97
90,64
3,84
34,99
69,19
41,9
22,96
91,70
34,91
4,83
84,63
78,60
82,66
40,98
90,65
69,20
22,97
83,66
70,20
70,21
75,59
27,94
82,63
82,64
33,99
41,8
91,69
3,83
78,59
89,65
21,97
69,21
28,94
89,66
29,94
89,67
30,94
90,67
89,68
31,94
90,68
89,69
90,69
89,70
90,70
89,71
90,71
89,72
91,71
92,71
92,72
93,72
93,73
94,73
95,73
95,74
96,74
96,75
27,93
81,64
32,99
40,8
2,83
77,59
88,65
21,96
68,21
88,71
88,72
95,72
95,75
88,66
68,22
88,73
95,76
88,67
69,22
68,23
89,73
96,76
88,68
70,22
69,23
90,73
97,76
71,22
69,24
98,76
69,25
70,25
27,92
26,93
81,63
31,99
39,8
2,82
76,59
21,95
87,71
94,72
87,68
90,72
71,21
68,24
98,75
70,24
26,94
3,82
87,72
91,72
72,21
68,25
99,75
87,73
91,73
73,21
68,26
99,76
92,73
73,22
69,26
99,77
92,74
99,78
99,79
99,80
80,63
31,98
39,7
76,58
21,94
94,71
87,67
98,74
70,23
25,94
3,81
86,73
67,26
72,22
91,74
98,80
80,64
95,71
99,74
71,23
86,74
67,27
72,23
80,65
71,24
87,74
67,28
72,24
67,29
73,24
73,25
73,26
30,98
38,7
75,58
20,94
87,66
97,74
25,93
3,80
86,72
90,74
98,79
97,80
95,70
99,73
79,65
66,29
72,26
30,99
20,95
97,75
97,81
96,70
66,30
98,81
66,31
99,81
67,31
66,32
99,82
67,32
66,33
99,83
67,33
99,84
68,33
68,34
69,34
69,35
70,35
38,6
74,58
86,66
25,92
3,79
86,71
89,74
98,78
95,69
99,72
72,25
29,99
19,95
96,69
65,30
65,33
98,84
68,32
68,35
70,34
26,92
97,69
65,31
98,85
97,70
98,86
98,70
98,87
99,70
98,88
99,71
99,88
37,6
74,57
86,65
3,78
85,71
88,74
98,77
94,69
98,72
71,25
19,94
65,32
98,83
68,31
67,35
70,33
26,91
64,31
99,69
97,88
99,87
37,7
75,57
87,65
85,72
88,75
94,70
98,73
71,26
27,91
97,89
37,8
76,57
28,91
38,8
77,57
29,91
28,92
38,9
77,58
30,91
28,93
30,92
37,5
73,57
2,78
97,77
98,71
19,93
64,32
97,83
68,30
67,34
69,33
25,91
64,30
98,69
97,87
99,86
84,72
87,75
93,70
70,26
37,9
30,90
29,92
38,5
64,33
93,71
70,27
29,93
30,93
31,93
32,93
32,94
33,94
34,94
34,95
73,56
2,77
1,78
96,77
97,71
18,93
97,82
68,29
67,30
66,34
99,85
83,72
86,75
36,9
29,90
38,4
69,27
31,92
33,95
3,77
18,94
98,82
69,29
86,76
36,10
39,4
32,92
4,77
69,30
86,77
37,10
4,78
37,11
4,79
38,11
4,80
39,11
4,81
39,12
5,81
6,81
73,55
2,76
1,77
95,77
96,71
65,34
82,72
28,90
68,27
32,95
17,94
35,10
39,3
32,91
85,77
38,10
38,12
96,72
82,73
68,28
39,10
38,13
96,73
69,28
40,10
97,73
70,28
41,10
71,28
72,55
1,76
0,77
94,77
64,34
27,90
16,94
34,10
39,2
38,3
32,90
85,76
81,73
37,13
40,9
97,72
71,27
72,56
0,78
64,35
33,90
72,27
72,57
0,79
34,90
73,27
0,80
35,90
74,27
0,81
36,90
0,82
36,91
0,83
0,84
1,84
2,84
2,85
0,76
93,77
27,89
33,10
39,1
38,2
31,90
85,75
81,72
80,73
36,13
39,9
63,35
74,26
35,91
1,83
1,85
31,91
63,36
35,92
1,86
36,92
2,86
1,87
37,92
3,86
37,93
38,93
38,94
39,94
39,95
39,96
40,96
0,75
93,76
27,88
33,9
39,0
38,1
84,75
81,71
80,72
36,12
74,25
1,82
62,36
0,87
3,85
39,93
40,95
40,0
84,76
37,12
0,88
4,85
40,1
84,77
1,88
5,85
4,86
41,1
5,86
5,87
0,74
92,76
27,87
32,9
38,0
84,74
81,70
79,72
36,11
74,24
1,81
61,36
0,86
40,94
83,77
41,0
4,87
92,77
85,74
79,73
75,24
2,81
61,37
42,0
92,78
75,25
62,37
43,0
76,25
63,37
44,0
76,26
64,37
45,0
77,26
46,0
77,27
46,1
47,1
48,1
48,2
0,73
27,86
31,9
37,0
81,69
35,11
61,35
0,85
82,77
3,87
85,73
78,73
2,80
91,78
64,36
77,25
76,27
45,1
48,0
28,86
37,1
62,35
82,78
78,74
65,36
78,25
76,28
45,2
49,0
29,86
37,2
82,79
79,74
65,37
78,26
77,28
49,1
83,79
79,26
78,28
50,1
79,28
80,28
81,28
81,29
81,30
81,31
81,32
81,33
82,33
82,34
31,8
80,69
34,11
2,87
84,73
1,80
91,77
47,0
62,34
65,35
44,2
29,85
36,2
83,78
79,25
78,27
50,0
81,34
32,8
2,88
63,34
66,35
44,3
30,85
84,78
80,25
79,27
51,0
81,35
3,88
66,36
45,3
85,78
81,25
51,1
3,89
67,36
66,37
46,3
86,78
82,25
52,1
3,90
67,37
87,78
86,79
83,25
53,1
4,90
68,37
87,79
84,25
53,2
88,79
84,26
88,80
85,26
84,27
86,26
85,27
87,26
86,27
88,26
87,27
88,27
88,28
89,28
89,29
80,68
33,11
83,73
1,79
91,76
61,34
43,2
79,24
32,7
80,35
46,2
52,0
87,77
85,79
53,0
4,89
68,36
52,2
87,80
88,29
81,68
83,74
2,79
43,3
80,24
33,7
47,2
54,0
69,36
52,3
82,68
43,4
81,24
34,7
47,3
70,36
53,3
44,4
34,8
71,36
53,4
45,4
34,9
45,5
35,9
32,11
90,76
80,34
87,76
84,79
4,88
86,80
87,29
33,6
82,67
81,23
33,8
71,35
52,4
44,5
88,76
84,80
5,88
83,67
72,35
52,5
44,6
88,77
85,80
6,88
84,67
73,35
52,6
88,78
85,81
6,89
85,67
53,6
89,78
86,81
86,67
89,79
86,82
86,68
89,80
86,69
32,10
89,76
80,33
87,28
86,29
32,6
81,67
81,22
71,34
51,4
43,6
73,34
5,89
53,5
85,82
85,68
85,69
89,77
43,7
74,34
5,90
54,5
85,70
90,77
44,7
74,35
5,91
86,70
90,78
45,7
75,35
74,36
87,70
90,79
88,70
90,80
91,80
31,10
89,75
80,32
86,28
85,29
31,6
81,21
71,33
51,3
43,5
84,82
84,68
54,4
4,91
45,6
75,34
73,36
88,69
91,79
31,11
90,75
85,30
31,7
82,21
72,33
4,92
46,6
92,79
31,12
91,75
85,31
82,22
73,33
72,34
5,92
47,6
93,79
92,75
86,31
83,22
5,93
93,75
87,31
84,22
6,93
94,75
87,32
84,23
94,76
80,31
85,28
51,2
42,5
84,81
83,68
54,3
75,33
72,36
87,69
30,7
30,12
73,32
93,78
83,21
6,92
94,74
86,32
83,23
83,69
72,37
30,13
94,78
84,69
83,70
31,13
95,78
84,70
31,14
95,79
84,71
95,80
95,81
95,82
96,82
79,31
84,28
42,4
41,5
54,2
75,32
29,7
29,12
73,31
6,91
93,74
85,32
82,23
71,37
30,14
94,79
83,71
96,81
79,32
84,29
29,13
7,91
82,24
71,38
94,80
79,33
84,30
7,92
83,24
72,38
94,81
79,34
84,31
8,92
84,24
73,38
8,93
85,24
74,38
8,94
85,25
8,95
86,25
8,96
87,25
9,96
8,97
88,25
10,96
8,98
11,96
11,97
41,4
40,5
54,1
74,32
29,6
72,31
84,32
29,14
82,71
96,80
83,29
28,13
93,80
93,81
78,34
73,37
7,93
88,24
10,97
55,1
74,33
30,6
72,32
84,33
29,15
93,82
78,35
74,37
7,94
84,34
79,35
75,37
40,4
39,5
82,70
96,79
83,28
28,12
92,80
87,24
9,97
55,0
30,5
71,32
28,15
92,82
77,35
83,34
75,36
39,6
92,81
9,98
56,0
77,36
76,36
40,6
9,99
57,0
77,37
76,37
41,6
58,0
78,37
77,38
76,38
41,7
59,0
78,38
42,7
60,0
78,39
61,0
61,1
62,1
62,2
40,3
82,69
96,78
27,12
86,24
30,4
70,32
27,15
91,82
83,33
91,81
76,35
8,99
75,38
40,7
42,6
77,39
62,0
61,2
97,78
27,16
75,39
77,40
97,79
28,16
78,40
29,16
78,41
30,16
78,42
79,42
80,42
40,2
27,11
86,23
30,3
69,32
90,82
83,32
7,99
60,2
74,39
30,15
80,41
41,2
87,23
31,3
60,3
31,15
81,41
41,3
60,4
32,15
31,16
82,41
42,3
61,4
31,17
82,42
61,5
62,5
27,10
69,31
90,81
89,82
82,32
7,98
60,1
73,39
87,22
31,2
81,40
42,2
30,17
81,42
62,4
70,31
73,40
88,22
32,2
30,18
81,43
74,40
89,22
75,40
89,23
76,40
90,23
76,41
90,24
77,41
77,42
26,10
89,81
88,82
82,31
6,98
59,1
87,21
30,2
81,39
42,1
62,3
70,30
32,1
29,18
80,43
88,23
76,39
90,22
89,24
76,42
88,83
83,31
6,99
59,2
88,21
82,39
43,1
80,44
89,25
76,43
59,3
82,40
44,1
80,45
89,26
76,44
59,4
83,40
80,46
89,27
76,45
59,5
83,41
80,47
90,27
77,45
60,5
59,6
83,42
81,47
90,28
78,45
60,6
81,48
91,28
61,6
82,48
92,28
62,6
82,49
92,29
62,7
83,49
62,8
62,9
62,10
26,9
88,81
87,20
29,2
61,3
70,29
31,1
29,17
83,30
5,99
88,20
58,6
78,44
81,49
91,29
83,48
61,10
27,9
71,29
89,20
84,48
71,30
89,21
85,48
72,30
71,31
90,21
91,21
87,81
87,19
28,2
31,0
28,17
82,30
4,99
57,6
77,44
90,29
61,9
60,10
27,8
85,47
72,29
91,20
87,82
28,3
32,0
90,30
87,83
29,3
33,0
91,30
87,84
29,4
34,0
92,30
87,85
29,5
35,0
93,30
87,86
36,0
94,30
36,1
86,19
82,29
4,98
57,5
77,43
61,8
60,9
26,8
85,46
72,28
91,19
28,4
86,86
94,29
35,1
5,98
78,43
73,28
28,5
35,2
79,43
73,29
28,6
35,3
79,44
74,29
28,7
36,3
79,45
75,29
28,8
37,3
76,29
75,30
28,9
37,4
76,30
28,10
77,30
28,11
77,31
29,11
82,28
56,5
61,7
59,9
26,7
85,45
90,19
85,86
93,29
34,1
5,97
74,28
27,7
36,4
77,29
29,10
56,6
59,10
90,20
85,87
34,2
75,28
78,29
30,10
85,88
34,3
79,29
30,11
86,88
34,4
80,29
87,88
86,89
34,5
80,30
87,89
86,90
34,6
88,89
82,27
60,7
84,45
89,19
93,28
4,97
27,6
35,4
55,6
58,10
75,27
30,9
85,89
33,5
79,30
85,90
88,88
83,27
60,8
84,46
94,28
35,5
55,7
89,88
84,47
36,5
89,89
36,6
90,89
89,90
91,89
90,90
91,90
90,91
91,91
92,91
93,91
84,44
89,18
4,96
27,5
55,5
57,10
75,26
29,9
84,89
33,4
78,30
83,26
59,8
94,27
54,7
83,47
35,6
88,90
93,90
90,18
84,90
78,31
35,7
94,90
91,18
84,91
78,32
35,8
78,33
36,8
83,44
3,96
27,4
55,4
57,9
29,8
33,3
82,26
59,7
93,27
54,6
53,7
82,47
87,90
93,89
92,90
83,90
94,89
91,17
83,91
77,32
36,7
3,97
58,9
30,8
87,91
83,92
77,33
3,98
77,34
82,44
27,3
55,3
57,8
33,2
32,3
81,26
92,27
52,7
82,46
92,89
83,89
94,88
91,16
2,97
82,92
2,98
76,34
82,45
58,8
32,4
81,27
83,46
95,88
82,93
83,93
84,93
85,93
82,43
27,2
55,2
33,1
92,26
91,27
51,7
81,46
92,88
83,88
91,15
1,98
76,33
81,45
58,7
31,4
80,27
83,45
95,87
84,92
85,92
83,43
56,2
93,88
84,88
31,5
96,87
84,43
56,3
32,5
96,88
85,43
56,4
86,43
85,44
57,4
87,43
86,44
58,4
86,45
58,5
87,45
26,2
91,26
51,6
82,88
90,15
1,97
76,32
81,44
57,7
80,26
85,91
93,87
84,87
57,3
87,44
90,16
86,91
58,3
88,44
90,17
86,92
87,92
88,92
26,1
91,25
51,5
82,87
89,15
1,96
76,31
56,7
92,87
83,87
58,2
88,43
89,17
88,91
27,1
92,25
2,96
89,43
89,91
28,1
90,43
89,92
29,1
90,44
90,92
30,1
91,44
90,93
91,93
90,25
50,5
81,87
89,14
75,31
91,87
83,86
58,1
57,2
88,42
89,16
92,24
2,95
89,44
30,0
91,43
91,92
90,26
50,6
91,88
92,92
50,7
92,93
92,94
49,5
89,13
74,31
90,87
83,85
57,1
87,42
91,24
2,94
29,0
49,6
90,88
91,94
3,94
91,95
4,94
91,96
4,95
92,96
5,95
93,96
92,97
5,96
94,96
93,97
92,98
6,96
95,96
94,97
93,98
6,97
95,97
94,98
7,97
95,98
94,99
95,99
96,99
49,4
88,13
74,30
90,86
82,85
56,1
87,41
91,23
2,93
28,0
4,93
3,95
91,98
95,95
7,96
93,99
96,98
50,4
91,86
82,86
96,95
97,98
92,86
97,99
98,99
87,13
73,30
86,41
91,22
2,92
27,0
3,93
91,97
94,95
7,95
92,99
96,97
50,3
81,86
96,94
92,85
92,22
97,97
97,94
92,23
97,95
93,23
98,95
86,13
85,41
26,0
3,92
94,94
6,95
91,99
50,2
80,86
96,93
91,85
97,96
93,22
98,94
86,14
85,42
95,94
98,96
86,15
86,42
98,97
87,15
98,98
87,16
99,98
88,16
99,99
